{
  "train_losses": [
    1.0952292925272233,
    1.0582245993308532,
    0.9961091886218797,
    0.9807694758105482,
    0.9688767036821089,
    0.9605467181939346,
    0.9608672386051244,
    0.9542836934073359,
    0.9484689220404013,
    0.9330242245625227,
    0.9187158346176147,
    0.9122755907030187,
    0.9053074829598777,
    0.8974440245546846,
    0.8930858778647888,
    0.8814184948419913,
    0.8789486281382732,
    0.8777198238759978,
    0.8698413257415478,
    0.8709910481404035,
    0.8635680991360265,
    0.8622891913112413,
    0.8584542480798868,
    0.8545093118634999,
    0.8554494943883684,
    0.8527100990470659,
    0.8490128356676835,
    0.8449049658245511,
    0.8443732992706136,
    0.845015444052525,
    0.8431733125804836,
    0.8409927242841476,
    0.8357725968727698,
    0.8372283771506741,
    0.8373119866746104,
    0.829308334324095,
    0.8284821772677267,
    0.8252879113723071,
    0.8293052598451957,
    0.8249736988646352,
    0.819563443844135,
    0.8144973190421732,
    0.8205787022399087,
    0.81140151186886,
    0.8116885683475397,
    0.8081071753787179,
    0.8060931843570155,
    0.8066726721759535,
    0.8082165437885839,
    0.8040799610635154
  ],
  "val_accuracies": [
    40.57815845824411,
    40.149892933618844,
    42.29122055674518,
    41.7558886509636,
    40.899357601713064,
    41.434689507494646,
    41.00642398286938,
    44.3254817987152,
    44.96788008565311,
    48.60813704496788,
    48.179871520342616,
    49.357601713062095,
    48.92933618843683,
    48.92933618843683,
    49.143468950749465,
    49.03640256959315,
    48.92933618843683,
    49.46466809421842,
    49.143468950749465,
    49.03640256959315,
    49.25053533190578,
    49.67880085653105,
    49.03640256959315,
    49.357601713062095,
    49.46466809421842,
    49.78586723768736,
    50.32119914346895,
    49.78586723768736,
    51.17773019271949,
    51.2847965738758,
    49.78586723768736,
    50.42826552462527,
    50.642398286937905,
    51.820128479657384,
    52.355460385438974,
    51.92719486081371,
    52.24839400428265,
    52.14132762312634,
    51.2847965738758,
    51.92719486081371,
    52.569593147751604,
    52.569593147751604,
    53.53319057815846,
    53.854389721627406,
    53.104925053533194,
    53.42612419700214,
    55.03211991434689,
    55.78158458244111,
    55.99571734475375,
    53.104925053533194
  ],
  "final_test_acc": 53.52564102564103,
  "best_val_acc": 55.99571734475375,
  "baselines": {
    "random": 33.333333333333336,
    "majority_class": 49.83952928590532
  },
  "per_class_accuracy": {
    "fold": 88.17204301075269,
    "call": 24.622030237580994,
    "raise": 72.68041237113403
  }
}